{
  "vite.config.js": 1776096816.963346,
  "eslint.config.js": 1775645418.6266773,
  "netlify/functions/claude.js": 1776618718.9705777,
  "netlify/functions/greffier.js": 1776618176.927132,
  "netlify/functions/stripe-webhook.js": 1776588255.4161024,
  "netlify/functions/send-contact.js": 1774473850.883902,
  "netlify/functions/broadcast-message.js": 1776592925.1650496,
  "netlify/functions/create-checkout-session.js": 1775060000.3961575,
  "netlify/functions/verify-code.js": 1774477297.2991009,
  "netlify/functions/validate-invite.js": 1775079516.606102,
  "netlify/functions/create-invite.js": 1775242436.5941625,
  "netlify/functions/admin-tools.js": 1776529121.5244577,
  "src/main.jsx": 1773255621.0,
  "src/App.jsx": 1776528732.377888,
  "src/context/NoemaContext.jsx": 1775646738.4049387,
  "src/constants/themes.js": 1773318950.9559433,
  "src/constants/config.js": 1775648804.73237,
  "src/constants/prompt.js": 1776618705.3900282,
  "src/utils/helpers.js": 1775086793.793595,
  "src/components/SVGs.jsx": 1773319078.7418954,
  "src/components/StateBadge.jsx": 1773319086.188615,
  "src/components/NoemaOrb.jsx": 1774990450.6169994,
  "src/components/AdminPanel.jsx": 1776592925.1634855,
  "src/components/InsightsPane.jsx": 1774386987.3872921,
  "src/components/PhaseSignal.jsx": 1775240925.7688024,
  "src/components/ProgressPane.jsx": 1774386987.3876925,
  "src/components/IkigaiPane.jsx": 1774386987.3868322,
  "src/components/v2/OrbPhase.jsx": 1776587879.1600194,
  "src/components/v2/LivingAtmosphere.jsx": 1776551265.135608,
  "src/hooks/useSubscriptionAccess.js": 1775646644.0452342,
  "src/hooks/useNoemaSession.js": 1776548940.5778682,
  "src/lib/access.js": 1776528703.568146,
  "src/lib/supabase.js": 1776592925.1616268,
  "src/lib/progressionSignals.js": 1776618057.9181986,
  "src/lib/productProof.js": 1775155268.1383097,
  "src/lib/entitlements.js": 1776531133.9290729,
  "src/lib/phaseState.js": 1776592925.1622899,
  "src/pages/Landing.jsx": 1776592925.1598008,
  "src/pages/Onboarding.jsx": 1776587914.3281555,
  "src/pages/Success.jsx": 1775137718.4910812,
  "src/pages/EthicalAI.jsx": 1776592925.1602576,
  "src/pages/TodayPage.jsx": 1775241814.101398,
  "src/pages/InvitePage.jsx": 1774521154.8962078,
  "src/pages/AdminDashboard.jsx": 1776592925.161302,
  "src/pages/ChatPage.jsx": 1776100829.1260357,
  "src/pages/PrivacyPolicy.jsx": 1776592925.1590612,
  "src/pages/Login.jsx": 1776551248.371374,
  "src/pages/Pricing.jsx": 1776592925.159517,
  "src/pages/TermsOfService.jsx": 1776592925.1586244,
  "src/pages/JournalPage.jsx": 1775646317.3425186,
  "src/pages/AppShell.jsx": 1776592925.1609626,
  "src/pages/Contact.jsx": 1776592925.1605809,
  "src/pages/MappingPage.jsx": 1775241910.2950745,
  "src/pages/v2/ChatV2.jsx": 1776617996.529685,
  "src/pages/v2/MappingV2.jsx": 1776617972.4640026,
  "src/pages/v2/ShellV2.jsx": 1776592925.1575944,
  "src/pages/v2/JournalV2.jsx": 1776587843.0607846,
  "src/pages/v2/TodayV2.jsx": 1776618701.639798,
  "RETENTION.md": 1775240264.815325,
  "MASTER.md": 1775242742.2856138,
  "PROJECT.md": 1776551533.2259803,
  "codex.md": 1775240264.816466,
  "ROADMAP.md": 1775240264.8159118,
  "antigravity_idea.md": 1775238077.656545,
  "DEBATE.md": 1775240264.8141687,
  "TESTER_REPORT.md": 1776617108.9553554,
  "docs/appshell-refactor-plan.md": 1775240264.8176165,
  "docs/ai-mandatory-reading/05_NOEMA_VISION2.md": 1775239299.6824255,
  "docs/ai-mandatory-reading/01_MASTER.md": 1775242785.8709595,
  "docs/ai-mandatory-reading/03_SYSTEM_README.md": 1775242765.1330588,
  "docs/ai-mandatory-reading/07_NOEMA_RUNTIME_GAPS.md": 1775242512.5710413,
  "docs/ai-mandatory-reading/02_PROJECT.md": 1775242512.5610926,
  "docs/ai-mandatory-reading/06_NOEMA_SYSTEM_MAP.md": 1775242512.5660896,
  "docs/ai-mandatory-reading/README.md": 1775242121.725506,
  "docs/ai-mandatory-reading/08_NOEMA_CHAT_ORCHESTRATION_MAP.md": 1775242512.5762787,
  "docs/ai-mandatory-reading/09_NOEMA_DATA_FLOW_MAP.md": 1775242512.579092,
  "docs/ai-mandatory-reading/04_NOEMA_VISION.md": 1775242788.7321048,
  "docs/system/NOEMA_RUNTIME_GAPS.md": 1775242118.310402,
  "docs/system/NOEMA_CHAT_ORCHESTRATION_MAP.md": 1775242496.9063644,
  "docs/system/NOEMA_VISION.md": 1775242782.8173993,
  "docs/system/NOEMA_SYSTEM_MAP.md": 1776551577.4653952,
  "docs/system/README.md": 1775242756.0947497,
  "docs/system/NOEMA_DATA_FLOW_MAP.md": 1775242493.5760276,
  "docs/system/NOEMA_VISION2.md": 1775237441.3224022,
  "skills/ux-coldstart/SKILL.md": 1776618009.3066425,
  "skills/mapping-fixes/SKILL.md": 1776618643.6641984,
  "skills/noema-tester/SKILL.md": 1776532169.5410042,
  "skills/prompt-coaching/SKILL.md": 1776618642.6243854,
  "skills/backend-optimize/SKILL.md": 1776618651.9163687,
  "skills/ux-jour0/SKILL.md": 1776618645.213549,
  "skills/dashboard-truth/SKILL.md": 1776618068.4086294,
  "public/favicon.svg": 1773694124.5282829
}